"","CreatedYear","CreatedMonth","month_year","RequestSource","count"
"1",2015,"Aug","Aug-2015","Call",35333
"2",2015,"Sep","Sep-2015","Call",36704
"3",2015,"Oct","Oct-2015","Call",35525
"4",2015,"Nov","Nov-2015","Call",33291
"5",2015,"Dec","Dec-2015","Call",34571
"6",2016,"Jan","Jan-2016","Call",36630
"7",2016,"Feb","Feb-2016","Call",38960
"8",2016,"Mar","Mar-2016","Call",43531
"9",2016,"Apr","Apr-2016","Call",40450
"10",2016,"May","May-2016","Call",44285
"11",2016,"Jun","Jun-2016","Call",46896
"12",2016,"Jul","Jul-2016","Call",43867
"13",2016,"Aug","Aug-2016","Call",51005
"14",2016,"Sep","Sep-2016","Call",41743
"15",2016,"Oct","Oct-2016","Call",39090
