"","RequestType","total.income","count"
"1","Bulky Items",2870,4
"2","Bulky Items",3309,2
"3","Bulky Items",11618,2
"4","Bulky Items",12156,493
"5","Bulky Items",12324,266
"6","Bulky Items",12679,4223
"7","Bulky Items",14416,307
"8","Bulky Items",15022,5799
"9","Bulky Items",15239,13486
"10","Bulky Items",15325,1823
"11","Bulky Items",15333,11448
"12","Bulky Items",15440,10101
"13","Bulky Items",15495,4383
"14","Bulky Items",15507,3350
"15","Bulky Items",15632,1374
"16","Bulky Items",15653,6691
"17","Bulky Items",15871,5847
"18","Bulky Items",15932,2695
"19","Bulky Items",15997,3379
"20","Bulky Items",16128,6213
"21","Bulky Items",16295,1307
"22","Bulky Items",16537,11631
"23","Bulky Items",16659,3317
"24","Bulky Items",16956,2778
"25","Bulky Items",16970,2270
"26","Bulky Items",17075,1
"27","Bulky Items",17163,4104
"28","Bulky Items",17239,9213
"29","Bulky Items",17269,272
"30","Bulky Items",17312,1524
"31","Bulky Items",18407,7284
"32","Bulky Items",18537,8959
"33","Bulky Items",18783,8011
"34","Bulky Items",18932,15633
"35","Bulky Items",19067,7691
"36","Bulky Items",19103,8141
"37","Bulky Items",19309,7546
"38","Bulky Items",20122,8813
"39","Bulky Items",20135,5240
"40","Bulky Items",20210,6889
"41","Bulky Items",20336,2
"42","Bulky Items",20356,10
"43","Bulky Items",20401,6310
"44","Bulky Items",20468,1764
"45","Bulky Items",20820,9704
"46","Bulky Items",21075,8104
"47","Bulky Items",21211,8137
"48","Bulky Items",21227,4164
"49","Bulky Items",21259,4617
"50","Bulky Items",21532,10602
"51","Bulky Items",22045,7323
"52","Bulky Items",22228,5812
"53","Bulky Items",22309,6131
"54","Bulky Items",22418,10950
"55","Bulky Items",22518,8038
"56","Bulky Items",22638,8381
"57","Bulky Items",22834,9942
"58","Bulky Items",22865,12363
"59","Bulky Items",22981,1138
"60","Bulky Items",22996,3808
"61","Bulky Items",23083,11765
"62","Bulky Items",23466,3324
"63","Bulky Items",23575,6596
"64","Bulky Items",23971,1
"65","Bulky Items",24545,2018
"66","Bulky Items",24941,9564
"67","Bulky Items",25827,5578
"68","Bulky Items",25904,3394
"69","Bulky Items",25933,6819
"70","Bulky Items",26105,4708
"71","Bulky Items",26337,669
"72","Bulky Items",26415,4778
"73","Bulky Items",26438,3140
"74","Bulky Items",27088,2363
"75","Bulky Items",27546,6835
"76","Bulky Items",28266,12
"77","Bulky Items",28625,100
"78","Bulky Items",29086,3848
"79","Bulky Items",30460,4507
"80","Bulky Items",31003,7002
"81","Bulky Items",31613,3646
"82","Bulky Items",31675,188
"83","Bulky Items",31713,4
"84","Bulky Items",32432,4811
"85","Bulky Items",33629,8063
"86","Bulky Items",33730,452
"87","Bulky Items",33953,3064
"88","Bulky Items",34831,5617
"89","Bulky Items",35026,3
"90","Bulky Items",35388,1205
"91","Bulky Items",35633,3118
"92","Bulky Items",36258,6950
"93","Bulky Items",37156,4396
"94","Bulky Items",37776,4530
"95","Bulky Items",38518,4633
"96","Bulky Items",39311,2383
"97","Bulky Items",39509,2298
"98","Bulky Items",39664,3837
"99","Bulky Items",40243,93
"100","Bulky Items",40362,3349
"101","Bulky Items",40631,4897
"102","Bulky Items",42001,211
"103","Bulky Items",42578,51
"104","Bulky Items",42628,2896
"105","Bulky Items",42940,3657
"106","Bulky Items",42963,2722
"107","Bulky Items",43672,3791
"108","Bulky Items",44136,3
"109","Bulky Items",44314,3871
"110","Bulky Items",44717,135
"111","Bulky Items",44887,3818
"112","Bulky Items",45249,1
"113","Bulky Items",47068,4772
"114","Bulky Items",48321,559
"115","Bulky Items",48605,2456
"116","Bulky Items",50272,3601
"117","Bulky Items",50613,4
"118","Bulky Items",51183,566
"119","Bulky Items",53286,3178
"120","Bulky Items",53564,3
"121","Bulky Items",53733,982
"122","Bulky Items",60115,5
"123","Bulky Items",61464,1496
"124","Bulky Items",61485,2559
"125","Bulky Items",63516,965
"126","Bulky Items",63733,8
"127","Bulky Items",64156,124
"128","Bulky Items",66707,126
"129","Bulky Items",69602,1967
"130","Bulky Items",75404,701
"131","Dead Animal Removal",2870,1
"132","Dead Animal Removal",3309,2
"133","Dead Animal Removal",12156,68
"134","Dead Animal Removal",12324,57
"135","Dead Animal Removal",12679,246
"136","Dead Animal Removal",14416,31
"137","Dead Animal Removal",15022,360
"138","Dead Animal Removal",15239,1107
"139","Dead Animal Removal",15325,138
"140","Dead Animal Removal",15333,993
"141","Dead Animal Removal",15440,668
"142","Dead Animal Removal",15495,522
"143","Dead Animal Removal",15507,371
"144","Dead Animal Removal",15632,39
"145","Dead Animal Removal",15653,489
"146","Dead Animal Removal",15871,296
"147","Dead Animal Removal",15932,279
"148","Dead Animal Removal",15997,92
"149","Dead Animal Removal",16128,278
"150","Dead Animal Removal",16295,179
"151","Dead Animal Removal",16537,845
"152","Dead Animal Removal",16659,296
"153","Dead Animal Removal",16956,119
"154","Dead Animal Removal",16970,150
"155","Dead Animal Removal",17075,1
"156","Dead Animal Removal",17110,2
"157","Dead Animal Removal",17163,83
"158","Dead Animal Removal",17239,571
"159","Dead Animal Removal",17269,26
"160","Dead Animal Removal",17312,95
"161","Dead Animal Removal",18407,192
"162","Dead Animal Removal",18537,394
"163","Dead Animal Removal",18783,488
"164","Dead Animal Removal",18932,1043
"165","Dead Animal Removal",19067,453
"166","Dead Animal Removal",19103,394
"167","Dead Animal Removal",19309,403
"168","Dead Animal Removal",20122,536
"169","Dead Animal Removal",20135,95
"170","Dead Animal Removal",20210,285
"171","Dead Animal Removal",20401,466
"172","Dead Animal Removal",20468,149
"173","Dead Animal Removal",20820,256
"174","Dead Animal Removal",21075,491
"175","Dead Animal Removal",21211,756
"176","Dead Animal Removal",21227,75
"177","Dead Animal Removal",21259,92
"178","Dead Animal Removal",21384,1
"179","Dead Animal Removal",21532,497
"180","Dead Animal Removal",22045,457
"181","Dead Animal Removal",22228,343
"182","Dead Animal Removal",22309,404
"183","Dead Animal Removal",22418,454
"184","Dead Animal Removal",22518,552
"185","Dead Animal Removal",22638,391
"186","Dead Animal Removal",22834,624
"187","Dead Animal Removal",22865,455
"188","Dead Animal Removal",22981,68
"189","Dead Animal Removal",22996,150
"190","Dead Animal Removal",23083,828
"191","Dead Animal Removal",23466,136
"192","Dead Animal Removal",23575,369
"193","Dead Animal Removal",23578,1
"194","Dead Animal Removal",23971,2
"195","Dead Animal Removal",24545,147
"196","Dead Animal Removal",24941,549
"197","Dead Animal Removal",25827,345
"198","Dead Animal Removal",25904,303
"199","Dead Animal Removal",25933,233
"200","Dead Animal Removal",26105,228
"201","Dead Animal Removal",26337,53
"202","Dead Animal Removal",26415,162
"203","Dead Animal Removal",26438,268
"204","Dead Animal Removal",27088,100
"205","Dead Animal Removal",27546,275
"206","Dead Animal Removal",28266,9
"207","Dead Animal Removal",28625,12
"208","Dead Animal Removal",29086,280
"209","Dead Animal Removal",30460,245
"210","Dead Animal Removal",31003,488
"211","Dead Animal Removal",31613,223
"212","Dead Animal Removal",31675,18
"213","Dead Animal Removal",31713,7
"214","Dead Animal Removal",32432,376
"215","Dead Animal Removal",33629,272
"216","Dead Animal Removal",33730,7
"217","Dead Animal Removal",33953,169
"218","Dead Animal Removal",34831,319
"219","Dead Animal Removal",35026,2
"220","Dead Animal Removal",35388,75
"221","Dead Animal Removal",35633,194
"222","Dead Animal Removal",36258,316
"223","Dead Animal Removal",37156,337
"224","Dead Animal Removal",37776,241
"225","Dead Animal Removal",38518,183
"226","Dead Animal Removal",39311,120
"227","Dead Animal Removal",39509,192
"228","Dead Animal Removal",39664,221
"229","Dead Animal Removal",40243,10
"230","Dead Animal Removal",40362,216
"231","Dead Animal Removal",40631,156
"232","Dead Animal Removal",42001,7
"233","Dead Animal Removal",42578,4
"234","Dead Animal Removal",42628,165
"235","Dead Animal Removal",42940,235
"236","Dead Animal Removal",42963,149
"237","Dead Animal Removal",43672,235
"238","Dead Animal Removal",44136,1
"239","Dead Animal Removal",44314,331
"240","Dead Animal Removal",44717,11
"241","Dead Animal Removal",44887,230
"242","Dead Animal Removal",47068,173
"243","Dead Animal Removal",48321,57
"244","Dead Animal Removal",48605,119
"245","Dead Animal Removal",49150,2
"246","Dead Animal Removal",50272,151
"247","Dead Animal Removal",50613,1
"248","Dead Animal Removal",51183,22
"249","Dead Animal Removal",53286,194
"250","Dead Animal Removal",53564,6
"251","Dead Animal Removal",53733,72
"252","Dead Animal Removal",61464,124
"253","Dead Animal Removal",61485,196
"254","Dead Animal Removal",63516,50
"255","Dead Animal Removal",63733,1
"256","Dead Animal Removal",64156,17
"257","Dead Animal Removal",66707,48
"258","Dead Animal Removal",69602,136
"259","Dead Animal Removal",75404,54
"260","Electronic Waste",12156,13
"261","Electronic Waste",12324,16
"262","Electronic Waste",12679,334
"263","Electronic Waste",14416,9
"264","Electronic Waste",15022,675
"265","Electronic Waste",15239,1235
"266","Electronic Waste",15325,208
"267","Electronic Waste",15333,1064
"268","Electronic Waste",15440,884
"269","Electronic Waste",15495,469
"270","Electronic Waste",15507,410
"271","Electronic Waste",15632,166
"272","Electronic Waste",15653,555
"273","Electronic Waste",15871,612
"274","Electronic Waste",15932,237
"275","Electronic Waste",15997,359
"276","Electronic Waste",16128,628
"277","Electronic Waste",16295,129
"278","Electronic Waste",16537,946
"279","Electronic Waste",16659,373
"280","Electronic Waste",16956,181
"281","Electronic Waste",16970,254
"282","Electronic Waste",17163,343
"283","Electronic Waste",17239,769
"284","Electronic Waste",17269,11
"285","Electronic Waste",17312,126
"286","Electronic Waste",18407,620
"287","Electronic Waste",18537,1030
"288","Electronic Waste",18783,921
"289","Electronic Waste",18932,2030
"290","Electronic Waste",19067,832
"291","Electronic Waste",19103,756
"292","Electronic Waste",19309,769
"293","Electronic Waste",20122,718
"294","Electronic Waste",20135,400
"295","Electronic Waste",20210,690
"296","Electronic Waste",20356,1
"297","Electronic Waste",20401,801
"298","Electronic Waste",20468,263
"299","Electronic Waste",20820,796
"300","Electronic Waste",21075,727
"301","Electronic Waste",21211,787
"302","Electronic Waste",21227,330
"303","Electronic Waste",21259,279
"304","Electronic Waste",21532,875
"305","Electronic Waste",22045,848
"306","Electronic Waste",22228,597
"307","Electronic Waste",22309,702
"308","Electronic Waste",22418,1124
"309","Electronic Waste",22518,840
"310","Electronic Waste",22638,941
"311","Electronic Waste",22834,1146
"312","Electronic Waste",22865,1102
"313","Electronic Waste",22981,96
"314","Electronic Waste",22996,410
"315","Electronic Waste",23083,1608
"316","Electronic Waste",23466,395
"317","Electronic Waste",23575,650
"318","Electronic Waste",24545,185
"319","Electronic Waste",24941,1004
"320","Electronic Waste",25827,592
"321","Electronic Waste",25904,382
"322","Electronic Waste",25933,633
"323","Electronic Waste",26105,509
"324","Electronic Waste",26337,87
"325","Electronic Waste",26415,432
"326","Electronic Waste",26438,393
"327","Electronic Waste",27088,262
"328","Electronic Waste",27546,518
"329","Electronic Waste",28625,7
"330","Electronic Waste",29086,397
"331","Electronic Waste",30460,391
"332","Electronic Waste",31003,691
"333","Electronic Waste",31613,369
"334","Electronic Waste",31675,9
"335","Electronic Waste",32432,558
"336","Electronic Waste",33629,593
"337","Electronic Waste",33730,68
"338","Electronic Waste",33953,312
"339","Electronic Waste",34831,491
"340","Electronic Waste",35388,120
"341","Electronic Waste",35633,317
"342","Electronic Waste",36258,540
"343","Electronic Waste",37156,332
"344","Electronic Waste",37776,380
"345","Electronic Waste",38518,354
"346","Electronic Waste",39311,192
"347","Electronic Waste",39509,254
"348","Electronic Waste",39664,462
"349","Electronic Waste",40243,10
"350","Electronic Waste",40362,386
"351","Electronic Waste",40631,378
"352","Electronic Waste",42001,12
"353","Electronic Waste",42578,6
"354","Electronic Waste",42628,285
"355","Electronic Waste",42940,283
"356","Electronic Waste",42963,213
"357","Electronic Waste",43672,351
"358","Electronic Waste",44314,443
"359","Electronic Waste",44717,14
"360","Electronic Waste",44887,249
"361","Electronic Waste",47068,240
"362","Electronic Waste",48321,80
"363","Electronic Waste",48605,167
"364","Electronic Waste",50272,289
"365","Electronic Waste",51183,43
"366","Electronic Waste",53286,309
"367","Electronic Waste",53733,71
"368","Electronic Waste",60115,1
"369","Electronic Waste",61464,185
"370","Electronic Waste",61485,223
"371","Electronic Waste",63516,79
"372","Electronic Waste",64156,21
"373","Electronic Waste",66707,6
"374","Electronic Waste",69602,185
"375","Electronic Waste",75404,89
"376","Feedback",12156,6
"377","Feedback",12679,10
"378","Feedback",14416,3
"379","Feedback",15022,13
"380","Feedback",15239,8
"381","Feedback",15325,13
"382","Feedback",15333,10
"383","Feedback",15440,13
"384","Feedback",15495,2
"385","Feedback",15507,7
"386","Feedback",15632,1
"387","Feedback",15653,7
"388","Feedback",15871,11
"389","Feedback",15932,3
"390","Feedback",15997,5
"391","Feedback",16128,3
"392","Feedback",16295,1
"393","Feedback",16537,5
"394","Feedback",16659,2
"395","Feedback",16956,5
"396","Feedback",16970,1
"397","Feedback",17163,11
"398","Feedback",17239,14
"399","Feedback",17269,3
"400","Feedback",17312,2
"401","Feedback",18407,9
"402","Feedback",18537,8
"403","Feedback",18783,12
"404","Feedback",18932,12
"405","Feedback",19067,10
"406","Feedback",19103,10
"407","Feedback",19309,22
"408","Feedback",20122,16
"409","Feedback",20135,13
"410","Feedback",20210,6
"411","Feedback",20401,10
"412","Feedback",20468,2
"413","Feedback",20820,51
"414","Feedback",21075,3
"415","Feedback",21211,5
"416","Feedback",21227,20
"417","Feedback",21259,5
"418","Feedback",21532,18
"419","Feedback",22045,8
"420","Feedback",22228,8
"421","Feedback",22309,8
"422","Feedback",22418,22
"423","Feedback",22518,9
"424","Feedback",22638,15
"425","Feedback",22834,16
"426","Feedback",22865,28
"427","Feedback",22996,2
"428","Feedback",23083,9
"429","Feedback",23466,5
"430","Feedback",23575,5
"431","Feedback",24941,12
"432","Feedback",25827,6
"433","Feedback",25904,7
"434","Feedback",25933,13
"435","Feedback",26105,13
"436","Feedback",26337,3
"437","Feedback",26415,3
"438","Feedback",26438,3
"439","Feedback",27088,2
"440","Feedback",27546,10
"441","Feedback",29086,8
"442","Feedback",30460,5
"443","Feedback",31003,5
"444","Feedback",31613,6
"445","Feedback",31675,3
"446","Feedback",32432,8
"447","Feedback",33629,12
"448","Feedback",33953,3
"449","Feedback",34831,15
"450","Feedback",35388,1
"451","Feedback",35633,6
"452","Feedback",36258,10
"453","Feedback",37156,4
"454","Feedback",37776,10
"455","Feedback",38518,4
"456","Feedback",39311,6
"457","Feedback",39509,6
"458","Feedback",39664,7
"459","Feedback",40362,3
"460","Feedback",40631,9
"461","Feedback",42628,1
"462","Feedback",42940,10
"463","Feedback",42963,5
"464","Feedback",43672,11
"465","Feedback",44314,5
"466","Feedback",44887,6
"467","Feedback",47068,8
"468","Feedback",48321,1
"469","Feedback",48605,5
"470","Feedback",50272,5
"471","Feedback",53286,5
"472","Feedback",61464,1
"473","Feedback",61485,8
"474","Feedback",63516,3
"475","Feedback",64156,2
"476","Feedback",69602,4
"477","Feedback",75404,1
"478","Graffiti Removal",2870,12
"479","Graffiti Removal",3309,8
"480","Graffiti Removal",12156,6712
"481","Graffiti Removal",12324,1749
"482","Graffiti Removal",12679,8026
"483","Graffiti Removal",14416,1868
"484","Graffiti Removal",15022,9790
"485","Graffiti Removal",15239,17505
"486","Graffiti Removal",15325,4451
"487","Graffiti Removal",15333,9470
"488","Graffiti Removal",15440,11567
"489","Graffiti Removal",15495,4384
"490","Graffiti Removal",15507,1367
"491","Graffiti Removal",15632,3092
"492","Graffiti Removal",15653,1671
"493","Graffiti Removal",15871,3366
"494","Graffiti Removal",15932,2017
"495","Graffiti Removal",15997,5049
"496","Graffiti Removal",16128,6705
"497","Graffiti Removal",16295,1803
"498","Graffiti Removal",16537,5828
"499","Graffiti Removal",16659,7152
"500","Graffiti Removal",16956,47
"501","Graffiti Removal",16970,2143
"502","Graffiti Removal",17163,2050
"503","Graffiti Removal",17239,4954
"504","Graffiti Removal",17269,423
"505","Graffiti Removal",17312,5145
"506","Graffiti Removal",18407,5380
"507","Graffiti Removal",18537,2524
"508","Graffiti Removal",18783,3875
"509","Graffiti Removal",18932,3562
"510","Graffiti Removal",19067,8788
"511","Graffiti Removal",19103,2824
"512","Graffiti Removal",19309,2715
"513","Graffiti Removal",20122,3715
"514","Graffiti Removal",20135,3350
"515","Graffiti Removal",20210,3068
"516","Graffiti Removal",20356,10
"517","Graffiti Removal",20401,1479
"518","Graffiti Removal",20468,331
"519","Graffiti Removal",20820,6447
"520","Graffiti Removal",21075,1012
"521","Graffiti Removal",21211,1896
"522","Graffiti Removal",21227,2957
"523","Graffiti Removal",21259,2235
"524","Graffiti Removal",21384,2
"525","Graffiti Removal",21532,4967
"526","Graffiti Removal",22045,3056
"527","Graffiti Removal",22228,798
"528","Graffiti Removal",22309,1704
"529","Graffiti Removal",22418,3825
"530","Graffiti Removal",22518,3427
"531","Graffiti Removal",22638,3170
"532","Graffiti Removal",22834,3481
"533","Graffiti Removal",22865,11157
"534","Graffiti Removal",22981,714
"535","Graffiti Removal",22996,959
"536","Graffiti Removal",23083,541
"537","Graffiti Removal",23466,1039
"538","Graffiti Removal",23575,1734
"539","Graffiti Removal",23578,11
"540","Graffiti Removal",23971,6
"541","Graffiti Removal",24393,1
"542","Graffiti Removal",24545,1582
"543","Graffiti Removal",24941,6907
"544","Graffiti Removal",25827,831
"545","Graffiti Removal",25904,1647
"546","Graffiti Removal",25933,2095
"547","Graffiti Removal",26105,882
"548","Graffiti Removal",26337,407
"549","Graffiti Removal",26415,266
"550","Graffiti Removal",26438,755
"551","Graffiti Removal",27088,2003
"552","Graffiti Removal",27546,3876
"553","Graffiti Removal",28266,23
"554","Graffiti Removal",28625,27
"555","Graffiti Removal",29086,1961
"556","Graffiti Removal",30460,687
"557","Graffiti Removal",31003,921
"558","Graffiti Removal",31613,240
"559","Graffiti Removal",31675,1333
"560","Graffiti Removal",31713,3
"561","Graffiti Removal",32432,1494
"562","Graffiti Removal",33629,2256
"563","Graffiti Removal",33730,4
"564","Graffiti Removal",33953,941
"565","Graffiti Removal",34831,2125
"566","Graffiti Removal",35026,8
"567","Graffiti Removal",35388,450
"568","Graffiti Removal",35633,284
"569","Graffiti Removal",36258,1473
"570","Graffiti Removal",37156,506
"571","Graffiti Removal",37776,429
"572","Graffiti Removal",38518,858
"573","Graffiti Removal",39311,254
"574","Graffiti Removal",39509,269
"575","Graffiti Removal",39664,329
"576","Graffiti Removal",40243,17
"577","Graffiti Removal",40362,421
"578","Graffiti Removal",40631,1199
"579","Graffiti Removal",42001,155
"580","Graffiti Removal",42578,1
"581","Graffiti Removal",42628,354
"582","Graffiti Removal",42940,1222
"583","Graffiti Removal",42963,438
"584","Graffiti Removal",43672,303
"585","Graffiti Removal",44136,2
"586","Graffiti Removal",44314,444
"587","Graffiti Removal",44717,10
"588","Graffiti Removal",44887,956
"589","Graffiti Removal",45249,5
"590","Graffiti Removal",47068,2794
"591","Graffiti Removal",48321,21
"592","Graffiti Removal",48605,235
"593","Graffiti Removal",50272,695
"594","Graffiti Removal",51183,38
"595","Graffiti Removal",53286,542
"596","Graffiti Removal",53564,1
"597","Graffiti Removal",53733,148
"598","Graffiti Removal",61464,313
"599","Graffiti Removal",61485,88
"600","Graffiti Removal",63516,812
"601","Graffiti Removal",63733,7
"602","Graffiti Removal",64156,53
"603","Graffiti Removal",66707,12
"604","Graffiti Removal",69602,184
"605","Graffiti Removal",75404,37
"606","Graffiti Removal",NA,1
"607","Homeless Encampment",12156,427
"608","Homeless Encampment",12324,26
"609","Homeless Encampment",12679,201
"610","Homeless Encampment",14416,343
"611","Homeless Encampment",15022,86
"612","Homeless Encampment",15239,205
"613","Homeless Encampment",15325,116
"614","Homeless Encampment",15333,330
"615","Homeless Encampment",15440,526
"616","Homeless Encampment",15495,64
"617","Homeless Encampment",15507,57
"618","Homeless Encampment",15632,132
"619","Homeless Encampment",15653,46
"620","Homeless Encampment",15871,181
"621","Homeless Encampment",15932,53
"622","Homeless Encampment",15997,296
"623","Homeless Encampment",16128,171
"624","Homeless Encampment",16295,40
"625","Homeless Encampment",16537,234
"626","Homeless Encampment",16659,101
"627","Homeless Encampment",16956,30
"628","Homeless Encampment",16970,16
"629","Homeless Encampment",17163,282
"630","Homeless Encampment",17239,183
"631","Homeless Encampment",17269,38
"632","Homeless Encampment",17312,105
"633","Homeless Encampment",18407,318
"634","Homeless Encampment",18537,380
"635","Homeless Encampment",18783,104
"636","Homeless Encampment",18932,196
"637","Homeless Encampment",19067,186
"638","Homeless Encampment",19103,218
"639","Homeless Encampment",19309,112
"640","Homeless Encampment",20122,158
"641","Homeless Encampment",20135,248
"642","Homeless Encampment",20210,80
"643","Homeless Encampment",20336,1
"644","Homeless Encampment",20356,1
"645","Homeless Encampment",20401,139
"646","Homeless Encampment",20468,15
"647","Homeless Encampment",20820,387
"648","Homeless Encampment",21075,47
"649","Homeless Encampment",21211,83
"650","Homeless Encampment",21227,188
"651","Homeless Encampment",21259,227
"652","Homeless Encampment",21532,92
"653","Homeless Encampment",22045,380
"654","Homeless Encampment",22228,81
"655","Homeless Encampment",22309,60
"656","Homeless Encampment",22418,120
"657","Homeless Encampment",22518,232
"658","Homeless Encampment",22638,93
"659","Homeless Encampment",22834,114
"660","Homeless Encampment",22865,520
"661","Homeless Encampment",22981,10
"662","Homeless Encampment",22996,105
"663","Homeless Encampment",23083,127
"664","Homeless Encampment",23466,63
"665","Homeless Encampment",23575,140
"666","Homeless Encampment",24393,1
"667","Homeless Encampment",24545,60
"668","Homeless Encampment",24941,270
"669","Homeless Encampment",25827,19
"670","Homeless Encampment",25904,38
"671","Homeless Encampment",25933,86
"672","Homeless Encampment",26105,236
"673","Homeless Encampment",26337,19
"674","Homeless Encampment",26415,38
"675","Homeless Encampment",26438,150
"676","Homeless Encampment",27088,6
"677","Homeless Encampment",27546,274
"678","Homeless Encampment",29086,19
"679","Homeless Encampment",30460,23
"680","Homeless Encampment",31003,99
"681","Homeless Encampment",31613,188
"682","Homeless Encampment",31675,56
"683","Homeless Encampment",32432,260
"684","Homeless Encampment",33629,137
"685","Homeless Encampment",33953,75
"686","Homeless Encampment",34831,57
"687","Homeless Encampment",35388,10
"688","Homeless Encampment",35633,33
"689","Homeless Encampment",36258,165
"690","Homeless Encampment",37156,120
"691","Homeless Encampment",37776,98
"692","Homeless Encampment",38518,151
"693","Homeless Encampment",39311,62
"694","Homeless Encampment",39509,15
"695","Homeless Encampment",39664,7
"696","Homeless Encampment",40362,20
"697","Homeless Encampment",40631,177
"698","Homeless Encampment",42001,20
"699","Homeless Encampment",42628,179
"700","Homeless Encampment",42940,222
"701","Homeless Encampment",42963,53
"702","Homeless Encampment",43672,49
"703","Homeless Encampment",44314,105
"704","Homeless Encampment",44887,164
"705","Homeless Encampment",47068,449
"706","Homeless Encampment",48605,86
"707","Homeless Encampment",50272,35
"708","Homeless Encampment",51183,7
"709","Homeless Encampment",53286,79
"710","Homeless Encampment",53733,5
"711","Homeless Encampment",61464,86
"712","Homeless Encampment",61485,17
"713","Homeless Encampment",63516,37
"714","Homeless Encampment",63733,2
"715","Homeless Encampment",64156,3
"716","Homeless Encampment",66707,4
"717","Homeless Encampment",69602,15
"718","Illegal Dumping Pickup",2870,3
"719","Illegal Dumping Pickup",3309,1
"720","Illegal Dumping Pickup",11618,2
"721","Illegal Dumping Pickup",12156,711
"722","Illegal Dumping Pickup",12324,109
"723","Illegal Dumping Pickup",12679,663
"724","Illegal Dumping Pickup",14416,120
"725","Illegal Dumping Pickup",15022,798
"726","Illegal Dumping Pickup",15239,1745
"727","Illegal Dumping Pickup",15325,377
"728","Illegal Dumping Pickup",15333,2369
"729","Illegal Dumping Pickup",15440,1647
"730","Illegal Dumping Pickup",15495,920
"731","Illegal Dumping Pickup",15507,592
"732","Illegal Dumping Pickup",15632,253
"733","Illegal Dumping Pickup",15653,897
"734","Illegal Dumping Pickup",15871,843
"735","Illegal Dumping Pickup",15932,517
"736","Illegal Dumping Pickup",15997,681
"737","Illegal Dumping Pickup",16128,861
"738","Illegal Dumping Pickup",16295,359
"739","Illegal Dumping Pickup",16537,1694
"740","Illegal Dumping Pickup",16659,637
"741","Illegal Dumping Pickup",16956,253
"742","Illegal Dumping Pickup",16970,247
"743","Illegal Dumping Pickup",17075,1
"744","Illegal Dumping Pickup",17110,1
"745","Illegal Dumping Pickup",17163,476
"746","Illegal Dumping Pickup",17239,1437
"747","Illegal Dumping Pickup",17269,67
"748","Illegal Dumping Pickup",17312,346
"749","Illegal Dumping Pickup",18407,961
"750","Illegal Dumping Pickup",18537,727
"751","Illegal Dumping Pickup",18783,1224
"752","Illegal Dumping Pickup",18932,1664
"753","Illegal Dumping Pickup",19067,1212
"754","Illegal Dumping Pickup",19103,1050
"755","Illegal Dumping Pickup",19309,975
"756","Illegal Dumping Pickup",20122,1391
"757","Illegal Dumping Pickup",20135,568
"758","Illegal Dumping Pickup",20210,856
"759","Illegal Dumping Pickup",20336,4
"760","Illegal Dumping Pickup",20356,3
"761","Illegal Dumping Pickup",20401,850
"762","Illegal Dumping Pickup",20468,175
"763","Illegal Dumping Pickup",20820,1242
"764","Illegal Dumping Pickup",21075,920
"765","Illegal Dumping Pickup",21211,1180
"766","Illegal Dumping Pickup",21227,359
"767","Illegal Dumping Pickup",21259,557
"768","Illegal Dumping Pickup",21532,1031
"769","Illegal Dumping Pickup",22045,681
"770","Illegal Dumping Pickup",22228,818
"771","Illegal Dumping Pickup",22309,694
"772","Illegal Dumping Pickup",22418,1088
"773","Illegal Dumping Pickup",22518,1061
"774","Illegal Dumping Pickup",22638,897
"775","Illegal Dumping Pickup",22834,1236
"776","Illegal Dumping Pickup",22865,1822
"777","Illegal Dumping Pickup",22981,206
"778","Illegal Dumping Pickup",22996,537
"779","Illegal Dumping Pickup",23083,1078
"780","Illegal Dumping Pickup",23466,507
"781","Illegal Dumping Pickup",23575,826
"782","Illegal Dumping Pickup",23971,1
"783","Illegal Dumping Pickup",24545,304
"784","Illegal Dumping Pickup",24941,1568
"785","Illegal Dumping Pickup",25827,572
"786","Illegal Dumping Pickup",25904,300
"787","Illegal Dumping Pickup",25933,1006
"788","Illegal Dumping Pickup",26105,368
"789","Illegal Dumping Pickup",26337,101
"790","Illegal Dumping Pickup",26415,426
"791","Illegal Dumping Pickup",26438,416
"792","Illegal Dumping Pickup",27088,262
"793","Illegal Dumping Pickup",27546,647
"794","Illegal Dumping Pickup",28625,11
"795","Illegal Dumping Pickup",29086,330
"796","Illegal Dumping Pickup",30460,430
"797","Illegal Dumping Pickup",31003,490
"798","Illegal Dumping Pickup",31613,263
"799","Illegal Dumping Pickup",31675,38
"800","Illegal Dumping Pickup",31713,3
"801","Illegal Dumping Pickup",32432,340
"802","Illegal Dumping Pickup",33629,781
"803","Illegal Dumping Pickup",33730,20
"804","Illegal Dumping Pickup",33953,330
"805","Illegal Dumping Pickup",34831,525
"806","Illegal Dumping Pickup",35026,1
"807","Illegal Dumping Pickup",35388,159
"808","Illegal Dumping Pickup",35633,367
"809","Illegal Dumping Pickup",36258,784
"810","Illegal Dumping Pickup",37156,448
"811","Illegal Dumping Pickup",37776,459
"812","Illegal Dumping Pickup",38518,415
"813","Illegal Dumping Pickup",39311,177
"814","Illegal Dumping Pickup",39509,112
"815","Illegal Dumping Pickup",39664,161
"816","Illegal Dumping Pickup",40243,8
"817","Illegal Dumping Pickup",40362,284
"818","Illegal Dumping Pickup",40631,577
"819","Illegal Dumping Pickup",42001,23
"820","Illegal Dumping Pickup",42578,2
"821","Illegal Dumping Pickup",42628,235
"822","Illegal Dumping Pickup",42940,379
"823","Illegal Dumping Pickup",42963,256
"824","Illegal Dumping Pickup",43672,321
"825","Illegal Dumping Pickup",44314,280
"826","Illegal Dumping Pickup",44717,8
"827","Illegal Dumping Pickup",44887,327
"828","Illegal Dumping Pickup",45249,1
"829","Illegal Dumping Pickup",47068,903
"830","Illegal Dumping Pickup",48321,32
"831","Illegal Dumping Pickup",48605,260
"832","Illegal Dumping Pickup",49150,2
"833","Illegal Dumping Pickup",50272,408
"834","Illegal Dumping Pickup",50613,1
"835","Illegal Dumping Pickup",51183,48
"836","Illegal Dumping Pickup",53286,250
"837","Illegal Dumping Pickup",53733,39
"838","Illegal Dumping Pickup",61464,217
"839","Illegal Dumping Pickup",61485,182
"840","Illegal Dumping Pickup",63516,84
"841","Illegal Dumping Pickup",63733,6
"842","Illegal Dumping Pickup",64156,10
"843","Illegal Dumping Pickup",66707,5
"844","Illegal Dumping Pickup",69602,62
"845","Illegal Dumping Pickup",75404,37
"846","Metal/Household Appliances",12156,27
"847","Metal/Household Appliances",12324,23
"848","Metal/Household Appliances",12679,386
"849","Metal/Household Appliances",14416,25
"850","Metal/Household Appliances",15022,551
"851","Metal/Household Appliances",15239,1350
"852","Metal/Household Appliances",15325,220
"853","Metal/Household Appliances",15333,1196
"854","Metal/Household Appliances",15440,1006
"855","Metal/Household Appliances",15495,458
"856","Metal/Household Appliances",15507,452
"857","Metal/Household Appliances",15632,190
"858","Metal/Household Appliances",15653,678
"859","Metal/Household Appliances",15871,636
"860","Metal/Household Appliances",15932,299
"861","Metal/Household Appliances",15997,403
"862","Metal/Household Appliances",16128,598
"863","Metal/Household Appliances",16295,168
"864","Metal/Household Appliances",16537,1224
"865","Metal/Household Appliances",16659,311
"866","Metal/Household Appliances",16956,474
"867","Metal/Household Appliances",16970,212
"868","Metal/Household Appliances",17163,451
"869","Metal/Household Appliances",17239,943
"870","Metal/Household Appliances",17269,15
"871","Metal/Household Appliances",17312,154
"872","Metal/Household Appliances",18407,713
"873","Metal/Household Appliances",18537,727
"874","Metal/Household Appliances",18783,759
"875","Metal/Household Appliances",18932,1411
"876","Metal/Household Appliances",19067,1090
"877","Metal/Household Appliances",19103,622
"878","Metal/Household Appliances",19309,755
"879","Metal/Household Appliances",20122,1166
"880","Metal/Household Appliances",20135,570
"881","Metal/Household Appliances",20210,690
"882","Metal/Household Appliances",20356,1
"883","Metal/Household Appliances",20401,698
"884","Metal/Household Appliances",20468,191
"885","Metal/Household Appliances",20820,1032
"886","Metal/Household Appliances",21075,1112
"887","Metal/Household Appliances",21211,1193
"888","Metal/Household Appliances",21227,467
"889","Metal/Household Appliances",21259,502
"890","Metal/Household Appliances",21532,1395
"891","Metal/Household Appliances",22045,1018
"892","Metal/Household Appliances",22228,872
"893","Metal/Household Appliances",22309,887
"894","Metal/Household Appliances",22418,1366
"895","Metal/Household Appliances",22518,1001
"896","Metal/Household Appliances",22638,1249
"897","Metal/Household Appliances",22834,1208
"898","Metal/Household Appliances",22865,1540
"899","Metal/Household Appliances",22981,168
"900","Metal/Household Appliances",22996,387
"901","Metal/Household Appliances",23083,1663
"902","Metal/Household Appliances",23466,444
"903","Metal/Household Appliances",23575,743
"904","Metal/Household Appliances",24545,364
"905","Metal/Household Appliances",24941,1747
"906","Metal/Household Appliances",25827,1074
"907","Metal/Household Appliances",25904,545
"908","Metal/Household Appliances",25933,788
"909","Metal/Household Appliances",26105,783
"910","Metal/Household Appliances",26337,122
"911","Metal/Household Appliances",26415,729
"912","Metal/Household Appliances",26438,413
"913","Metal/Household Appliances",27088,311
"914","Metal/Household Appliances",27546,907
"915","Metal/Household Appliances",28625,19
"916","Metal/Household Appliances",29086,653
"917","Metal/Household Appliances",30460,660
"918","Metal/Household Appliances",31003,1288
"919","Metal/Household Appliances",31613,584
"920","Metal/Household Appliances",31675,20
"921","Metal/Household Appliances",32432,1162
"922","Metal/Household Appliances",33629,1052
"923","Metal/Household Appliances",33730,106
"924","Metal/Household Appliances",33953,566
"925","Metal/Household Appliances",34831,919
"926","Metal/Household Appliances",35388,157
"927","Metal/Household Appliances",35633,539
"928","Metal/Household Appliances",36258,1067
"929","Metal/Household Appliances",37156,985
"930","Metal/Household Appliances",37776,722
"931","Metal/Household Appliances",38518,744
"932","Metal/Household Appliances",39311,391
"933","Metal/Household Appliances",39509,741
"934","Metal/Household Appliances",39664,995
"935","Metal/Household Appliances",40243,17
"936","Metal/Household Appliances",40362,637
"937","Metal/Household Appliances",40631,666
"938","Metal/Household Appliances",42001,19
"939","Metal/Household Appliances",42578,12
"940","Metal/Household Appliances",42628,710
"941","Metal/Household Appliances",42940,684
"942","Metal/Household Appliances",42963,430
"943","Metal/Household Appliances",43672,669
"944","Metal/Household Appliances",44314,903
"945","Metal/Household Appliances",44717,26
"946","Metal/Household Appliances",44887,579
"947","Metal/Household Appliances",47068,717
"948","Metal/Household Appliances",48321,164
"949","Metal/Household Appliances",48605,348
"950","Metal/Household Appliances",50272,731
"951","Metal/Household Appliances",50613,2
"952","Metal/Household Appliances",51183,96
"953","Metal/Household Appliances",53286,570
"954","Metal/Household Appliances",53564,1
"955","Metal/Household Appliances",53733,189
"956","Metal/Household Appliances",61464,392
"957","Metal/Household Appliances",61485,622
"958","Metal/Household Appliances",63516,175
"959","Metal/Household Appliances",63733,2
"960","Metal/Household Appliances",64156,43
"961","Metal/Household Appliances",66707,32
"962","Metal/Household Appliances",69602,570
"963","Metal/Household Appliances",75404,202
"964","Multiple Streetlight Issue",3309,1
"965","Multiple Streetlight Issue",12156,42
"966","Multiple Streetlight Issue",12324,15
"967","Multiple Streetlight Issue",12679,43
"968","Multiple Streetlight Issue",14416,53
"969","Multiple Streetlight Issue",15022,38
"970","Multiple Streetlight Issue",15239,53
"971","Multiple Streetlight Issue",15325,76
"972","Multiple Streetlight Issue",15333,74
"973","Multiple Streetlight Issue",15440,103
"974","Multiple Streetlight Issue",15495,35
"975","Multiple Streetlight Issue",15507,15
"976","Multiple Streetlight Issue",15632,81
"977","Multiple Streetlight Issue",15653,20
"978","Multiple Streetlight Issue",15871,119
"979","Multiple Streetlight Issue",15932,16
"980","Multiple Streetlight Issue",15997,41
"981","Multiple Streetlight Issue",16128,24
"982","Multiple Streetlight Issue",16295,12
"983","Multiple Streetlight Issue",16537,58
"984","Multiple Streetlight Issue",16659,30
"985","Multiple Streetlight Issue",16956,84
"986","Multiple Streetlight Issue",16970,10
"987","Multiple Streetlight Issue",17163,24
"988","Multiple Streetlight Issue",17239,13
"989","Multiple Streetlight Issue",17269,57
"990","Multiple Streetlight Issue",17312,45
"991","Multiple Streetlight Issue",18407,9
"992","Multiple Streetlight Issue",18537,32
"993","Multiple Streetlight Issue",18783,48
"994","Multiple Streetlight Issue",18932,115
"995","Multiple Streetlight Issue",19067,48
"996","Multiple Streetlight Issue",19103,44
"997","Multiple Streetlight Issue",19309,78
"998","Multiple Streetlight Issue",20122,46
"999","Multiple Streetlight Issue",20135,20
"1000","Multiple Streetlight Issue",20210,34
"1001","Multiple Streetlight Issue",20356,1
"1002","Multiple Streetlight Issue",20401,76
"1003","Multiple Streetlight Issue",20468,15
"1004","Multiple Streetlight Issue",20820,156
"1005","Multiple Streetlight Issue",21075,56
"1006","Multiple Streetlight Issue",21211,41
"1007","Multiple Streetlight Issue",21227,30
"1008","Multiple Streetlight Issue",21259,27
"1009","Multiple Streetlight Issue",21532,21
"1010","Multiple Streetlight Issue",22045,50
"1011","Multiple Streetlight Issue",22228,81
"1012","Multiple Streetlight Issue",22309,14
"1013","Multiple Streetlight Issue",22418,36
"1014","Multiple Streetlight Issue",22518,26
"1015","Multiple Streetlight Issue",22638,46
"1016","Multiple Streetlight Issue",22834,33
"1017","Multiple Streetlight Issue",22865,58
"1018","Multiple Streetlight Issue",22981,21
"1019","Multiple Streetlight Issue",22996,10
"1020","Multiple Streetlight Issue",23083,113
"1021","Multiple Streetlight Issue",23466,22
"1022","Multiple Streetlight Issue",23575,41
"1023","Multiple Streetlight Issue",23578,1
"1024","Multiple Streetlight Issue",24545,9
"1025","Multiple Streetlight Issue",24941,25
"1026","Multiple Streetlight Issue",25827,67
"1027","Multiple Streetlight Issue",25904,21
"1028","Multiple Streetlight Issue",25933,32
"1029","Multiple Streetlight Issue",26105,18
"1030","Multiple Streetlight Issue",26337,4
"1031","Multiple Streetlight Issue",26415,10
"1032","Multiple Streetlight Issue",26438,33
"1033","Multiple Streetlight Issue",27088,13
"1034","Multiple Streetlight Issue",27546,59
"1035","Multiple Streetlight Issue",28625,1
"1036","Multiple Streetlight Issue",29086,26
"1037","Multiple Streetlight Issue",30460,36
"1038","Multiple Streetlight Issue",31003,49
"1039","Multiple Streetlight Issue",31613,14
"1040","Multiple Streetlight Issue",31675,11
"1041","Multiple Streetlight Issue",32432,36
"1042","Multiple Streetlight Issue",33629,28
"1043","Multiple Streetlight Issue",33730,7
"1044","Multiple Streetlight Issue",33953,25
"1045","Multiple Streetlight Issue",34831,69
"1046","Multiple Streetlight Issue",35388,8
"1047","Multiple Streetlight Issue",35633,26
"1048","Multiple Streetlight Issue",36258,52
"1049","Multiple Streetlight Issue",37156,185
"1050","Multiple Streetlight Issue",37776,50
"1051","Multiple Streetlight Issue",38518,26
"1052","Multiple Streetlight Issue",39311,36
"1053","Multiple Streetlight Issue",39509,5
"1054","Multiple Streetlight Issue",39664,19
"1055","Multiple Streetlight Issue",40362,40
"1056","Multiple Streetlight Issue",40631,72
"1057","Multiple Streetlight Issue",42001,1
"1058","Multiple Streetlight Issue",42628,7
"1059","Multiple Streetlight Issue",42940,175
"1060","Multiple Streetlight Issue",42963,46
"1061","Multiple Streetlight Issue",43672,65
"1062","Multiple Streetlight Issue",44314,54
"1063","Multiple Streetlight Issue",44887,150
"1064","Multiple Streetlight Issue",47068,22
"1065","Multiple Streetlight Issue",48321,37
"1066","Multiple Streetlight Issue",48605,12
"1067","Multiple Streetlight Issue",50272,128
"1068","Multiple Streetlight Issue",50613,1
"1069","Multiple Streetlight Issue",51183,42
"1070","Multiple Streetlight Issue",53286,55
"1071","Multiple Streetlight Issue",53733,12
"1072","Multiple Streetlight Issue",61464,23
"1073","Multiple Streetlight Issue",61485,118
"1074","Multiple Streetlight Issue",63516,6
"1075","Multiple Streetlight Issue",63733,14
"1076","Multiple Streetlight Issue",64156,4
"1077","Multiple Streetlight Issue",66707,12
"1078","Multiple Streetlight Issue",69602,50
"1079","Multiple Streetlight Issue",75404,15
"1080","Other",3309,2
"1081","Other",12156,111
"1082","Other",12324,16
"1083","Other",12679,122
"1084","Other",14416,55
"1085","Other",15022,122
"1086","Other",15239,160
"1087","Other",15325,181
"1088","Other",15333,178
"1089","Other",15440,233
"1090","Other",15495,87
"1091","Other",15507,43
"1092","Other",15632,70
"1093","Other",15653,73
"1094","Other",15871,202
"1095","Other",15932,53
"1096","Other",15997,94
"1097","Other",16128,126
"1098","Other",16295,22
"1099","Other",16537,163
"1100","Other",16659,89
"1101","Other",16956,69
"1102","Other",16970,49
"1103","Other",17075,1
"1104","Other",17163,122
"1105","Other",17239,197
"1106","Other",17269,59
"1107","Other",17312,172
"1108","Other",18407,115
"1109","Other",18537,204
"1110","Other",18783,167
"1111","Other",18932,325
"1112","Other",19067,147
"1113","Other",19103,149
"1114","Other",19309,266
"1115","Other",20122,228
"1116","Other",20135,148
"1117","Other",20210,153
"1118","Other",20401,149
"1119","Other",20468,32
"1120","Other",20820,275
"1121","Other",21075,120
"1122","Other",21211,175
"1123","Other",21227,113
"1124","Other",21259,130
"1125","Other",21532,245
"1126","Other",22045,180
"1127","Other",22228,145
"1128","Other",22309,149
"1129","Other",22418,340
"1130","Other",22518,269
"1131","Other",22638,276
"1132","Other",22834,250
"1133","Other",22865,348
"1134","Other",22981,29
"1135","Other",22996,68
"1136","Other",23083,224
"1137","Other",23466,68
"1138","Other",23575,151
"1139","Other",23578,1
"1140","Other",24545,41
"1141","Other",24941,243
"1142","Other",25827,178
"1143","Other",25904,84
"1144","Other",25933,136
"1145","Other",26105,148
"1146","Other",26337,20
"1147","Other",26415,144
"1148","Other",26438,88
"1149","Other",27088,38
"1150","Other",27546,200
"1151","Other",28266,2
"1152","Other",28625,2
"1153","Other",29086,83
"1154","Other",30460,106
"1155","Other",31003,185
"1156","Other",31613,116
"1157","Other",31675,59
"1158","Other",32432,116
"1159","Other",33629,148
"1160","Other",33730,5
"1161","Other",33953,120
"1162","Other",34831,164
"1163","Other",35388,44
"1164","Other",35633,103
"1165","Other",36258,190
"1166","Other",37156,155
"1167","Other",37776,108
"1168","Other",38518,175
"1169","Other",39311,95
"1170","Other",39509,65
"1171","Other",39664,73
"1172","Other",40362,125
"1173","Other",40631,125
"1174","Other",42001,13
"1175","Other",42578,1
"1176","Other",42628,147
"1177","Other",42940,133
"1178","Other",42963,82
"1179","Other",43672,134
"1180","Other",44136,2
"1181","Other",44314,147
"1182","Other",44717,6
"1183","Other",44887,120
"1184","Other",47068,266
"1185","Other",48321,38
"1186","Other",48605,92
"1187","Other",50272,207
"1188","Other",51183,51
"1189","Other",52538,4
"1190","Other",53286,192
"1191","Other",53733,36
"1192","Other",61464,107
"1193","Other",61485,111
"1194","Other",63516,63
"1195","Other",63733,11
"1196","Other",64156,15
"1197","Other",66707,8
"1198","Other",69602,83
"1199","Other",75404,39
"1200","Other",NA,1
"1201","Report Water Waste",12156,2
"1202","Report Water Waste",12679,11
"1203","Report Water Waste",14416,3
"1204","Report Water Waste",15022,7
"1205","Report Water Waste",15239,17
"1206","Report Water Waste",15325,13
"1207","Report Water Waste",15333,9
"1208","Report Water Waste",15440,15
"1209","Report Water Waste",15495,5
"1210","Report Water Waste",15507,7
"1211","Report Water Waste",15632,10
"1212","Report Water Waste",15653,5
"1213","Report Water Waste",15871,8
"1214","Report Water Waste",15932,7
"1215","Report Water Waste",15997,6
"1216","Report Water Waste",16128,6
"1217","Report Water Waste",16537,4
"1218","Report Water Waste",16956,10
"1219","Report Water Waste",16970,1
"1220","Report Water Waste",17163,11
"1221","Report Water Waste",17239,9
"1222","Report Water Waste",17312,8
"1223","Report Water Waste",18407,11
"1224","Report Water Waste",18537,8
"1225","Report Water Waste",18783,8
"1226","Report Water Waste",18932,14
"1227","Report Water Waste",19067,5
"1228","Report Water Waste",19103,10
"1229","Report Water Waste",19309,4
"1230","Report Water Waste",20122,26
"1231","Report Water Waste",20135,19
"1232","Report Water Waste",20210,8
"1233","Report Water Waste",20401,6
"1234","Report Water Waste",20820,22
"1235","Report Water Waste",21075,10
"1236","Report Water Waste",21211,7
"1237","Report Water Waste",21227,12
"1238","Report Water Waste",21259,8
"1239","Report Water Waste",21532,94
"1240","Report Water Waste",22045,8
"1241","Report Water Waste",22228,10
"1242","Report Water Waste",22309,8
"1243","Report Water Waste",22418,15
"1244","Report Water Waste",22518,20
"1245","Report Water Waste",22638,7
"1246","Report Water Waste",22834,16
"1247","Report Water Waste",22865,26
"1248","Report Water Waste",22996,21
"1249","Report Water Waste",23083,21
"1250","Report Water Waste",23466,4
"1251","Report Water Waste",23575,14
"1252","Report Water Waste",24545,2
"1253","Report Water Waste",24941,15
"1254","Report Water Waste",25827,8
"1255","Report Water Waste",25904,7
"1256","Report Water Waste",25933,34
"1257","Report Water Waste",26105,9
"1258","Report Water Waste",26415,4
"1259","Report Water Waste",26438,5
"1260","Report Water Waste",27088,1
"1261","Report Water Waste",27546,38
"1262","Report Water Waste",28625,1
"1263","Report Water Waste",29086,4
"1264","Report Water Waste",30460,6
"1265","Report Water Waste",31003,11
"1266","Report Water Waste",31613,5
"1267","Report Water Waste",31675,8
"1268","Report Water Waste",32432,10
"1269","Report Water Waste",33629,37
"1270","Report Water Waste",33953,11
"1271","Report Water Waste",34831,21
"1272","Report Water Waste",35388,2
"1273","Report Water Waste",35633,6
"1274","Report Water Waste",36258,16
"1275","Report Water Waste",37156,9
"1276","Report Water Waste",37776,23
"1277","Report Water Waste",38518,26
"1278","Report Water Waste",39311,5
"1279","Report Water Waste",39509,2
"1280","Report Water Waste",39664,5
"1281","Report Water Waste",40243,2
"1282","Report Water Waste",40362,7
"1283","Report Water Waste",40631,23
"1284","Report Water Waste",42001,2
"1285","Report Water Waste",42628,5
"1286","Report Water Waste",42940,362
"1287","Report Water Waste",42963,35
"1288","Report Water Waste",43672,27
"1289","Report Water Waste",44314,11
"1290","Report Water Waste",44887,17
"1291","Report Water Waste",47068,20
"1292","Report Water Waste",48321,9
"1293","Report Water Waste",48605,18
"1294","Report Water Waste",50272,20
"1295","Report Water Waste",51183,11
"1296","Report Water Waste",53286,15
"1297","Report Water Waste",53733,4
"1298","Report Water Waste",61464,8
"1299","Report Water Waste",61485,8
"1300","Report Water Waste",63516,2
"1301","Report Water Waste",63733,3
"1302","Report Water Waste",66707,1
"1303","Report Water Waste",69602,11
"1304","Report Water Waste",75404,12
"1305","Single Streetlight Issue",2870,4
"1306","Single Streetlight Issue",3309,13
"1307","Single Streetlight Issue",12156,151
"1308","Single Streetlight Issue",12324,14
"1309","Single Streetlight Issue",12679,246
"1310","Single Streetlight Issue",14416,181
"1311","Single Streetlight Issue",15022,157
"1312","Single Streetlight Issue",15239,184
"1313","Single Streetlight Issue",15325,453
"1314","Single Streetlight Issue",15333,156
"1315","Single Streetlight Issue",15440,205
"1316","Single Streetlight Issue",15495,76
"1317","Single Streetlight Issue",15507,54
"1318","Single Streetlight Issue",15632,187
"1319","Single Streetlight Issue",15653,69
"1320","Single Streetlight Issue",15871,355
"1321","Single Streetlight Issue",15932,69
"1322","Single Streetlight Issue",15997,109
"1323","Single Streetlight Issue",16128,196
"1324","Single Streetlight Issue",16295,16
"1325","Single Streetlight Issue",16537,142
"1326","Single Streetlight Issue",16659,88
"1327","Single Streetlight Issue",16956,250
"1328","Single Streetlight Issue",16970,39
"1329","Single Streetlight Issue",17163,105
"1330","Single Streetlight Issue",17239,75
"1331","Single Streetlight Issue",17269,135
"1332","Single Streetlight Issue",17312,193
"1333","Single Streetlight Issue",18407,65
"1334","Single Streetlight Issue",18537,146
"1335","Single Streetlight Issue",18783,168
"1336","Single Streetlight Issue",18932,296
"1337","Single Streetlight Issue",19067,201
"1338","Single Streetlight Issue",19103,82
"1339","Single Streetlight Issue",19309,249
"1340","Single Streetlight Issue",20122,127
"1341","Single Streetlight Issue",20135,121
"1342","Single Streetlight Issue",20210,83
"1343","Single Streetlight Issue",20401,204
"1344","Single Streetlight Issue",20468,32
"1345","Single Streetlight Issue",20820,336
"1346","Single Streetlight Issue",21075,105
"1347","Single Streetlight Issue",21211,108
"1348","Single Streetlight Issue",21227,92
"1349","Single Streetlight Issue",21259,194
"1350","Single Streetlight Issue",21532,145
"1351","Single Streetlight Issue",22045,135
"1352","Single Streetlight Issue",22228,95
"1353","Single Streetlight Issue",22309,73
"1354","Single Streetlight Issue",22418,80
"1355","Single Streetlight Issue",22518,117
"1356","Single Streetlight Issue",22638,89
"1357","Single Streetlight Issue",22834,204
"1358","Single Streetlight Issue",22865,218
"1359","Single Streetlight Issue",22981,23
"1360","Single Streetlight Issue",22996,35
"1361","Single Streetlight Issue",23083,241
"1362","Single Streetlight Issue",23466,106
"1363","Single Streetlight Issue",23575,100
"1364","Single Streetlight Issue",24545,39
"1365","Single Streetlight Issue",24941,182
"1366","Single Streetlight Issue",25827,160
"1367","Single Streetlight Issue",25904,108
"1368","Single Streetlight Issue",25933,105
"1369","Single Streetlight Issue",26105,61
"1370","Single Streetlight Issue",26337,22
"1371","Single Streetlight Issue",26415,36
"1372","Single Streetlight Issue",26438,59
"1373","Single Streetlight Issue",27088,32
"1374","Single Streetlight Issue",27546,195
"1375","Single Streetlight Issue",28625,8
"1376","Single Streetlight Issue",29086,101
"1377","Single Streetlight Issue",30460,63
"1378","Single Streetlight Issue",31003,119
"1379","Single Streetlight Issue",31613,33
"1380","Single Streetlight Issue",31675,23
"1381","Single Streetlight Issue",32432,156
"1382","Single Streetlight Issue",33629,94
"1383","Single Streetlight Issue",33730,12
"1384","Single Streetlight Issue",33953,62
"1385","Single Streetlight Issue",34831,218
"1386","Single Streetlight Issue",35026,2
"1387","Single Streetlight Issue",35388,6
"1388","Single Streetlight Issue",35633,117
"1389","Single Streetlight Issue",36258,118
"1390","Single Streetlight Issue",37156,332
"1391","Single Streetlight Issue",37776,176
"1392","Single Streetlight Issue",38518,150
"1393","Single Streetlight Issue",39311,131
"1394","Single Streetlight Issue",39509,31
"1395","Single Streetlight Issue",39664,64
"1396","Single Streetlight Issue",40243,3
"1397","Single Streetlight Issue",40362,154
"1398","Single Streetlight Issue",40631,312
"1399","Single Streetlight Issue",42001,8
"1400","Single Streetlight Issue",42578,1
"1401","Single Streetlight Issue",42628,88
"1402","Single Streetlight Issue",42940,398
"1403","Single Streetlight Issue",42963,284
"1404","Single Streetlight Issue",43672,207
"1405","Single Streetlight Issue",44136,1
"1406","Single Streetlight Issue",44314,227
"1407","Single Streetlight Issue",44717,1
"1408","Single Streetlight Issue",44887,338
"1409","Single Streetlight Issue",47068,80
"1410","Single Streetlight Issue",48321,146
"1411","Single Streetlight Issue",48605,88
"1412","Single Streetlight Issue",50272,409
"1413","Single Streetlight Issue",50613,1
"1414","Single Streetlight Issue",51183,136
"1415","Single Streetlight Issue",52538,3
"1416","Single Streetlight Issue",53286,251
"1417","Single Streetlight Issue",53564,2
"1418","Single Streetlight Issue",53733,25
"1419","Single Streetlight Issue",61464,129
"1420","Single Streetlight Issue",61485,434
"1421","Single Streetlight Issue",63516,42
"1422","Single Streetlight Issue",63733,18
"1423","Single Streetlight Issue",64156,7
"1424","Single Streetlight Issue",66707,38
"1425","Single Streetlight Issue",69602,198
"1426","Single Streetlight Issue",75404,107
"1427","Single Streetlight Issue",NA,2
